period,model,cagr,sharpe,max_drawdown,annual_volatility,annual_turnover,source,precision
train,Momentum,0.1693,0.796,-0.24530000000000002,0.2298,6.02,author_screenshot_ra_2026-10-05_124206,rounded_display
train,RA Momentum,0.1711,0.899,-0.1934,0.1974,6.05,author_screenshot_ra_2026-10-05_124206,rounded_display
train,Momentum + HMM,0.1364,0.726,-0.231,0.2051,6.41,author_screenshot_ra_2026-10-05_124206,rounded_display
train,RA Momentum + HMM,0.1329,0.793,-0.1913,0.17329999999999998,6.51,author_screenshot_ra_2026-10-05_124206,rounded_display
train,SPY,0.1082,0.651,-0.1861,0.1837,0.0,author_screenshot_ra_2026-10-05_124206,rounded_display
val,Momentum,0.18960000000000002,1.216,-0.15810000000000002,0.1524,5.58,author_screenshot_ra_2026-10-05_124206,rounded_display
val,RA Momentum,0.1663,1.16,-0.1366,0.1412,6.17,author_screenshot_ra_2026-10-05_124206,rounded_display
val,Momentum + HMM,0.17670000000000002,1.2,-0.1364,0.14429999999999998,6.67,author_screenshot_ra_2026-10-05_124206,rounded_display
val,RA Momentum + HMM,0.1533,1.133,-0.1225,0.13390000000000002,7.29,author_screenshot_ra_2026-10-05_124206,rounded_display
val,SPY,0.1422,1.102,-0.13019999999999998,0.128,0.0,author_screenshot_ra_2026-10-05_124206,rounded_display
test,Momentum,0.2236,1.035,-0.37439999999999996,0.2182,5.98,author_screenshot_ra_2026-10-05_124206,rounded_display
test,RA Momentum,0.20010000000000003,1.01,-0.3653,0.2007,6.13,author_screenshot_ra_2026-10-05_124206,rounded_display
test,Momentum + HMM,0.1654,1.147,-0.1452,0.1423,7.3,author_screenshot_ra_2026-10-05_124206,rounded_display
test,RA Momentum + HMM,0.1559,1.189,-0.1446,0.1288,7.47,author_screenshot_ra_2026-10-05_124206,rounded_display
test,SPY,0.1525,0.874,-0.3372,0.1813,0.0,author_screenshot_ra_2026-10-05_124206,rounded_display
train,Vol control,0.1374,0.842,-0.18510000000000001,0.1703,,author_screenshot_vol_2026-10-04_234855,rounded_display
val,Vol control,0.1741,1.194,-0.1618,0.14300000000000002,,author_screenshot_vol_2026-10-04_234855,rounded_display
test,Vol control,0.16649999999999998,0.965,-0.34299999999999997,0.1757,,author_screenshot_vol_2026-10-04_234855,rounded_display
